image_id,source_filename,role,split,weight_class,view,framing,pose,expression,hijab_style,hijab_color,clothing,environment,lighting
rana_raw_001,1790592352294.jpg,IDENTITY_SUPPORT,TRAIN,CORE_MEDIUM,side,full_body,standing,neutral,square_hijab,light_gray,white_long_sleeve_top_black_leggings,indoor,soft_indoor
rana_raw_002,1790599053307.jpg,IDENTITY_SUPPORT,TRAIN,CORE_MEDIUM,front,full_body,sitting,neutral,square_hijab,light_gray,dark_red_long_sleeve_top_black_leggings,outdoor,natural
rana_raw_003,1790605624951.jpg,IDENTITY_CORE,TRAIN,CORE_HIGH,front,close_up,head_and_shoulders,soft_smile,square_hijab,pink,dark_top,indoor,soft_indoor
rana_raw_004,1790678683041.jpg,IDENTITY_SUPPORT,TRAIN,CORE_MEDIUM,3_4,full_body,standing,neutral,square_hijab,light_gray,white_long_sleeve_top_black_leggings,indoor,soft_indoor
rana_raw_005,1790680808593.jpg,IDENTITY_SUPPORT,VALIDATION,SUPPORT,front,full_body,sitting,neutral,square_hijab,light_gray,white_long_sleeve_top_black_leggings,indoor,soft_indoor
rana_raw_006,CYMERA_20260824_225933.jpg,IDENTITY_SUPPORT,TRAIN,SUPPORT,front,portrait,standing,frown,square_hijab,black,beige_top,outdoor,natural
rana_raw_007,CYMERA_20260824_230551.jpg,IDENTITY_SUPPORT,TRAIN,SUPPORT,front,portrait,standing,eyes_closed_smile,square_hijab,black,dark_top,indoor,soft_indoor
rana_raw_008,CYMERA_20260901_001251.jpg,IDENTITY_SUPPORT,TRAIN,SUPPORT,front,close_up,head_and_shoulders,looking_up,square_hijab,black,dark_gray_top,indoor,soft_indoor
rana_raw_009,CYMERA_20260901_001324.jpg,IDENTITY_SUPPORT,TRAIN,SUPPORT,front,close_up,head_and_shoulders,looking_down,square_hijab,black,dark_gray_top,indoor,soft_indoor
rana_raw_010,CYMERA_20260901_001507.jpg,IDENTITY_SUPPORT,TRAIN,SUPPORT,side,close_up,head_and_shoulders,neutral,square_hijab,black,white_top,indoor,soft_indoor
rana_raw_011,CYMERA_20260901_001623.jpg,IDENTITY_SUPPORT,TRAIN,SUPPORT,front,extreme_close_up,head,smile_looking_up,square_hijab,black,dark_gray_top,indoor,soft_indoor
rana_raw_012,CYMERA_20260901_002601.jpg,IDENTITY_CORE,TRAIN,CORE_HIGH,front,full_body,standing,neutral,square_hijab,black,white_cardigan_black_bottom,indoor,soft_indoor
rana_raw_013,CYMERA_20260901_002755.jpg,IDENTITY_SUPPORT,TRAIN,SUPPORT,front,full_body,standing,eyes_closed,square_hijab,black,white_cardigan_black_bottom,indoor,soft_indoor
rana_raw_014,CYMERA_20260901_004624.jpg,IDENTITY_SUPPORT,TRAIN,SUPPORT,front,full_body,standing,neutral_smile,square_hijab,light_gray,leopard_print_top_light_cardigan_black_bottom,indoor,soft_indoor
rana_raw_015,CYMERA_20260901_005029.jpg,IDENTITY_SUPPORT,TRAIN,SUPPORT,front,close_up,head_and_shoulders,smile,square_hijab,light_gray,leopard_print_top,indoor,soft_indoor
rana_raw_016,CYMERA_20260901_005132.jpg,IDENTITY_SUPPORT,TRAIN,SUPPORT,3_4,close_up,head_and_shoulders,neutral,square_hijab,taupe,leopard_print_top_light_cardigan,indoor,soft_indoor
rana_raw_017,CYMERA_20260901_005335.jpg,HIJAB_VARIATION,TRAIN,VARIATION,front,portrait,standing,pout,pashmina,olive_taupe,light_knit_top,indoor,soft_indoor
rana_raw_018,CYMERA_20260901_005401.jpg,HIJAB_VARIATION,TRAIN,VARIATION,side,portrait,standing,neutral,pashmina,taupe,light_knit_top,indoor,soft_indoor
rana_raw_019,CYMERA_20260928_174838.jpg,IDENTITY_SUPPORT,HOLDOUT,SUPPORT,rear,full_body,standing,neutral,square_hijab,light_gray,white_top_black_leggings_backpack,indoor,soft_indoor
rana_raw_020,file_000000001d6c81f5a63d04b00dd863a4.png,IDENTITY_CORE,TRAIN,CORE_HIGH,front,full_body,standing,neutral,square_hijab,white,white_top_black_leggings,indoor,soft_indoor
rana_raw_021,IMG_20260901_005542.jpg,IDENTITY_CORE,TRAIN,CORE_HIGH,front,portrait,standing,neutral,square_hijab,black,dark_gray_top,indoor,soft_indoor
rana_raw_022,IMG_20260901_005606.jpg,IDENTITY_SUPPORT,TRAIN,SUPPORT,front,portrait,standing,frown,square_hijab,black,dark_gray_top,indoor,soft_indoor
rana_raw_023,IMG_20260901_005629.jpg,IDENTITY_SUPPORT,TRAIN,SUPPORT,front,portrait,standing,smile,square_hijab,black,dark_gray_top,indoor,soft_indoor
rana_raw_024,IMG_20260901_005650.jpg,IDENTITY_SUPPORT,TRAIN,SUPPORT,front,portrait,standing,wink_smile,square_hijab,black,dark_gray_top,indoor,soft_indoor
rana_raw_025,IMG_20260901_005709.jpg,IDENTITY_CORE,TRAIN,CORE_HIGH,front,portrait,standing,neutral,square_hijab,black,dark_gray_top,indoor,soft_indoor
rana_raw_026,IMG_20260901_005731.jpg,IDENTITY_SUPPORT,TRAIN,SUPPORT,side,portrait,standing,neutral,square_hijab,black,dark_gray_top,indoor,soft_indoor
rana_raw_027,IMG_20260901_005744.jpg,IDENTITY_SUPPORT,TRAIN,SUPPORT,3_4,portrait,standing,neutral,square_hijab,black,dark_gray_top,indoor,soft_indoor
rana_raw_028,IMG_20260901_005815.jpg,IDENTITY_SUPPORT,TRAIN,SUPPORT,front,portrait,standing,pout,square_hijab,black,dark_gray_top,indoor,soft_indoor
rana_raw_029,IMG_20260901_005921.jpg,IDENTITY_SUPPORT,VALIDATION,SUPPORT,3_4,close_up,head_and_shoulders,playful_smile,square_hijab,white,white_cardigan_black_bottom,indoor,soft_indoor
rana_raw_030,IMG_20260901_005949.jpg,IDENTITY_SUPPORT,VALIDATION,SUPPORT,side,portrait,standing,eyes_closed,square_hijab,white,white_top,indoor,soft_indoor
rana_raw_031,IMG_20260901_010003.jpg,IDENTITY_SUPPORT,HOLDOUT,SUPPORT,rear_3_4,portrait,standing,neutral,square_hijab,white,white_top,indoor,soft_indoor
rana_raw_032,IMG_20260928_213440.jpg,IDENTITY_SUPPORT,VALIDATION,SUPPORT,front,full_body,standing,smile,square_hijab,black,white_cardigan_black_bottom,indoor,mixed
rana_raw_033,IMG_20260928_213508.jpg,IDENTITY_SUPPORT,VALIDATION,SUPPORT,front,full_body,standing,neutral,square_hijab,black,gray_fitted_top_black_bottom,outdoor,natural
rana_raw_034,IMG_20260929_175636.jpg,IDENTITY_SUPPORT,VALIDATION,SUPPORT,front,full_body,standing,smile,square_hijab,black,white_cardigan_black_bottom,indoor,soft_indoor
