asset_id,source_filename,asset_kind,role,split,status,preprocess_note,asset_filename,asset_sha256,dimensions,mask_filename,mask_sha256
identity__neutral_front__IMG_20260901_005542,IMG_20260901_005542.jpg,identity,neutral_front,train,PASS,detected,identity__neutral_front__IMG_20260901_005542.png,281cfb032a3b675940621f88356a224cfe434461e1d26e28ff90904257a503b6,2693x2693,identity__neutral_front__IMG_20260901_005542__mask.png,c281a58763a76b54cd8f155f994618b281316766a1b23207e27c0fc1900d76e7
identity__neutral_three_quarter__IMG_20260901_005744,IMG_20260901_005744.jpg,identity,neutral_three_quarter,train,PASS,detected,identity__neutral_three_quarter__IMG_20260901_005744.png,7e612262502ea3fbe5b6514675f7dc3eef084bb492c8efcfd29755b1a0544a74,3845x3845,identity__neutral_three_quarter__IMG_20260901_005744__mask.png,af7aa685706ceafba6a55a63e3222af1120430310be16563450689c9279b87b2
identity__neutral_three_quarter_secondary__CYMERA_20260901_005132,CYMERA_20260901_005132.jpg,identity,neutral_three_quarter_secondary,train,PASS,manual_face_crop_verified,identity__neutral_three_quarter_secondary__CYMERA_20260901_005132.png,aa402932aabaee180061664ff2a94c4ba2f970f62fccae88862d59359006a3d2,1211x1211,identity__neutral_three_quarter_secondary__CYMERA_20260901_005132__mask.png,c35699977a68378daa558c79e95dfb7dae84a276699563129ec18dee2d59ef6e
identity__side_support__IMG_20260901_005731,IMG_20260901_005731.jpg,identity,side_support,train,PASS,detected,identity__side_support__IMG_20260901_005731.png,307498daf66ac05111683eee70121015ff7489f8ca186dd249b98f6d18c81aa7,3592x3592,identity__side_support__IMG_20260901_005731__mask.png,87da0809c09e5ad019bf533071e461b6c60d2af261ffac25de54c5729f456e88
expression__smiling__CYMERA_20260901_005029,CYMERA_20260901_005029.jpg,expression,smiling,train,PASS,detected,expression__smiling__CYMERA_20260901_005029.png,cfe1aa98fcbaf3b37a5d0564c96a37608e1948bfb5af10287ba99232c175bcc5,3635x3635,expression__smiling__CYMERA_20260901_005029__mask.png,64be87841da7ab8de252f807f760f4c26db2cbcf93fb879a102ef6e717cf45f0
expression__smiling__IMG_20260901_005629,IMG_20260901_005629.jpg,expression,smiling,train,PASS,detected,expression__smiling__IMG_20260901_005629.png,7ae157641ee6101f425cee3fb9392559476120616419b214d23407ce34f30a9b,3653x3653,expression__smiling__IMG_20260901_005629__mask.png,597cecb755837cdffe10776456a370d55a82edc3d31748f8f4f71ebb5e5f2189
expression__smiling__1790605624951,1790605624951.jpg,expression,smiling,train,PASS,detected,expression__smiling__1790605624951.png,d32429de7fc5cc0b18ffc5c0faf40512a5b76ae10f7e7f41774d9baef09619b1,1073x1073,expression__smiling__1790605624951__mask.png,2977fe15bd8b67515bf64ef9edb23db62bb7230ab57dba162b712084aaf3aba8
expression__pout__CYMERA_20260901_005335,CYMERA_20260901_005335.jpg,expression,pout,train,PASS,detected,expression__pout__CYMERA_20260901_005335.png,156a1ec72a4c4f45e484a6159499118d0dadc8a4593731e711d94e6d87eb009f,3487x3487,expression__pout__CYMERA_20260901_005335__mask.png,73a7aa87725e559adf2a878e1041e1cb0b6f81040b06d594f38629be6efcf8b8
expression__pout__IMG_20260901_005815,IMG_20260901_005815.jpg,expression,pout,train,PASS,detected,expression__pout__IMG_20260901_005815.png,ce6998e98f985ab798737cd53fdda2e3e59edbd23ef9285b0679a12fc938694f,3960x3960,expression__pout__IMG_20260901_005815__mask.png,8ab1ea9fd4ce493193553aec4b322c905f2244f8d46f5993af06094668aa7c55
expression__wink_smile__IMG_20260901_005650,IMG_20260901_005650.jpg,expression,wink_smile,train,PASS,detected,expression__wink_smile__IMG_20260901_005650.png,51a20fd3480d8e676f19c4124bb556fa8914d0e842443e56380c0f5ad70e4ca0,3337x3337,expression__wink_smile__IMG_20260901_005650__mask.png,c00a2a8e319c51138c3140a5fc623b020ced9d2a617f3b1509709daecfa8112d
expression__eyes_closed__CYMERA_20260824_230551,CYMERA_20260824_230551.jpg,expression,eyes_closed,train,PASS,detected,expression__eyes_closed__CYMERA_20260824_230551.png,79195c8c837dd07289ad659719e3a6c5ee952600b2531c543fbb5fd0b3b760a8,1434x1434,expression__eyes_closed__CYMERA_20260824_230551__mask.png,0b9b72030f9a3e416678c9aa854b3afde44e49ed8d8672284afb4c9be7b29f3c
expression__looking_up__CYMERA_20260901_001623,CYMERA_20260901_001623.jpg,expression,looking_up,train,PASS,detected,expression__looking_up__CYMERA_20260901_001623.png,5cf007c1e2b4a6dc8e0d0ef8d89dfdc200c61b33f9d2074929d0872c4897221f,4096x4096,expression__looking_up__CYMERA_20260901_001623__mask.png,8aff6dba0955de57c9b06ef3dd487bba3bef200462444a751eb623d57979a755
expression__looking_down__CYMERA_20260901_001324,CYMERA_20260901_001324.jpg,expression,looking_down,train,PASS,detected,expression__looking_down__CYMERA_20260901_001324.png,197d587f309dd70f2b48c49035bcf9e4e03263881e364822fcc4e34756833800,3847x3847,expression__looking_down__CYMERA_20260901_001324__mask.png,6dd290db79be691ef51724cf868f8b82a342c45e173260b095c83e282493c2ec
body__front__CYMERA_20260901_002601,CYMERA_20260901_002601.jpg,body,front,train,PASS,full_frame_letterbox,body__front__CYMERA_20260901_002601.png,bbace42548bf8a2bfa0c6038a7884541862d2cbcd028bba99dfcb08a5fbb8b20,4096x4096,,
body__front__file_000000001d6c81f5a63d04b00dd863a4,file_000000001d6c81f5a63d04b00dd863a4.png,body,front,train,PASS,full_frame_letterbox,body__front__file_000000001d6c81f5a63d04b00dd863a4.png,8f09f1bc1a594af6767ca296ea0e8ee3dcc75d20b531d1e59fe80e3ebabed323,1672x1672,,
body__three_quarter__CYMERA_20260901_004624,CYMERA_20260901_004624.jpg,body,three_quarter,train,PASS,full_frame_letterbox,body__three_quarter__CYMERA_20260901_004624.png,aff877f74fd9e51a51db040f2846a7218bb8306e5f58c3a64a0fe048a495ce42,4096x4096,,
body__three_quarter__1790678683041,1790678683041.jpg,body,three_quarter,train,PASS,full_frame_letterbox,body__three_quarter__1790678683041.png,10562ef72599c67b050b200f10b86997b7b5a9d47011875d8e8f77d2f1ce15c8,1376x1376,,
body__side__1790592352294,1790592352294.jpg,body,side,train,PASS,full_frame_letterbox,body__side__1790592352294.png,5306ccbc9def7713df383c72ec48290d3e570c2909c1385db919752d7836bca6,1376x1376,,
